{
    "name": "final_dynamic_pipeline_azure",
    "properties": {
        "activities": [
            {
                "name": "Lookup1",
                "type": "Lookup",
                "dependsOn": [],
                "policy": {
                    "timeout": "0.12:00:00",
                    "retry": 0,
                    "retryIntervalInSeconds": 30,
                    "secureOutput": false,
                    "secureInput": false
                },
                "userProperties": [],
                "typeProperties": {
                    "source": {
                        "type": "AzureSqlSource",
                        "queryTimeout": "02:00:00",
                        "partitionOption": "None"
                    },
                    "dataset": {
                        "referenceName": "Final_AzureSqlTable2",
                        "type": "DatasetReference",
                        "parameters": {
                            "schema_az": {
                                "value": "@pipeline().parameters.schema_az",
                                "type": "Expression"
                            },
                            "table_az": {
                                "value": "@pipeline().parameters.table_az",
                                "type": "Expression"
                            }
                        }
                    },
                    "firstRowOnly": false
                }
            },
            {
                "name": "ForEach1",
                "type": "ForEach",
                "dependsOn": [
                    {
                        "activity": "Lookup1",
                        "dependencyConditions": [
                            "Succeeded"
                        ]
                    }
                ],
                "userProperties": [],
                "typeProperties": {
                    "items": {
                        "value": "@activity('Lookup1').output.value",
                        "type": "Expression"
                    },
                    "activities": [
                        {
                            "name": "Copy data1",
                            "type": "Copy",
                            "dependsOn": [],
                            "policy": {
                                "timeout": "0.12:00:00",
                                "retry": 0,
                                "retryIntervalInSeconds": 30,
                                "secureOutput": false,
                                "secureInput": false
                            },
                            "userProperties": [],
                            "typeProperties": {
                                "source": {
                                    "type": "DelimitedTextSource",
                                    "additionalColumns": [
                                        {
                                            "name": "DI_CREATED_DATE",
                                            "value": {
                                                "value": "@convertTimeZone(utcnow(),'UTC','Eastern Standard Time')",
                                                "type": "Expression"
                                            }
                                        },
                                        {
                                            "name": "PID",
                                            "value": {
                                                "value": "@pipeline().RunId",
                                                "type": "Expression"
                                            }
                                        }
                                    ],
                                    "storeSettings": {
                                        "type": "AzureBlobFSReadSettings",
                                        "recursive": true,
                                        "enablePartitionDiscovery": false
                                    },
                                    "formatSettings": {
                                        "type": "DelimitedTextReadSettings"
                                    }
                                },
                                "sink": {
                                    "type": "AzureSqlSink",
                                    "preCopyScript": {
                                        "value": "IF EXISTS (\n    SELECT * \n    FROM INFORMATION_SCHEMA.TABLES \n    WHERE TABLE_NAME = '@{item().table_name}' \n    AND TABLE_SCHEMA = '@{item().schema_name}'\n)\nBEGIN\n    TRUNCATE TABLE @{item().schema_name}.@{item().table_name};\nEND\n",
                                        "type": "Expression"
                                    },
                                    "writeBehavior": "insert",
                                    "sqlWriterUseTableLock": false,
                                    "tableOption": "autoCreate",
                                    "disableMetricsCollection": false
                                },
                                "enableStaging": false,
                                "translator": {
                                    "type": "TabularTranslator",
                                    "typeConversion": true,
                                    "typeConversionSettings": {
                                        "allowDataTruncation": true,
                                        "treatBooleanAsNumber": false
                                    }
                                }
                            },
                            "inputs": [
                                {
                                    "referenceName": "Final_DelimitedText1",
                                    "type": "DatasetReference",
                                    "parameters": {
                                        "filepath": {
                                            "value": "@item().file_path",
                                            "type": "Expression"
                                        },
                                        "filename": {
                                            "value": "@item().file_name",
                                            "type": "Expression"
                                        },
                                        "deliemeter": {
                                            "value": "@item().file_delimiter",
                                            "type": "Expression"
                                        }
                                    }
                                }
                            ],
                            "outputs": [
                                {
                                    "referenceName": "Final_AzureSqlTable2",
                                    "type": "DatasetReference",
                                    "parameters": {
                                        "schema_az": {
                                            "value": "@item().schema_name",
                                            "type": "Expression"
                                        },
                                        "table_az": {
                                            "value": "@item().table_name",
                                            "type": "Expression"
                                        }
                                    }
                                }
                            ]
                        },
                        {
                            "name": "Script1",
                            "type": "Script",
                            "dependsOn": [
                                {
                                    "activity": "Copy data1",
                                    "dependencyConditions": [
                                        "Succeeded"
                                    ]
                                }
                            ],
                            "policy": {
                                "timeout": "0.12:00:00",
                                "retry": 0,
                                "retryIntervalInSeconds": 30,
                                "secureOutput": false,
                                "secureInput": false
                            },
                            "userProperties": [],
                            "linkedServiceName": {
                                "referenceName": "Final_AzureSqlDatabase2",
                                "type": "LinkedServiceReference"
                            },
                            "typeProperties": {
                                "scripts": [
                                    {
                                        "type": "Query",
                                        "text": {
                                            "value": "UPDATE @{item().schema_name}.final_file_metadata\nSET \n    rows_read = @{activity('Copy data1').output.rowsRead}, \n    rows_copied = @{activity('Copy data1').output.rowsCopied},\n    time_duration = @{activity('Copy data1').output.copyDuration}\nWHERE \n    metadatask = @{item().metadatask};\n",
                                            "type": "Expression"
                                        }
                                    }
                                ],
                                "scriptBlockExecutionTimeout": "02:00:00"
                            }
                        }
                    ]
                }
            }
        ],
        "parameters": {
            "schema_az": {
                "type": "string",
                "defaultValue": "stage"
            },
            "table_az": {
                "type": "string",
                "defaultValue": "file_metadata"
            }
        },
        "annotations": [],
        "lastPublishTime": "2024-08-12T03:28:39Z"
    },
    "type": "Microsoft.DataFactory/factories/pipelines"
}