{
    "now": "2024-08-14T17:16:33.226Z",
    "perfNow": 22724.69999999972,
    "diagnosticCorrelation": "936f3063-734a-435c-8bae-8a1790dbc9fc",
    "source": "DownloadSupportFiles",
    "environment": {
        "productName": "adf",
        "buildVersion": "1.0.080224.3",
        "environmentType": 3,
        "resourceName": "damg7370-demo-adf-7",
        "resourceRegion": "eastus",
        "resourceGroup": "DAMG7370",
        "subscriptionId": "426bde00-2f70-4c5c-a6e0-966594c79ea4",
        "sessionId": "jKbW3lyPjU8GXCWhLuct9q",
        "operationId": "",
        "gitType": "live",
        "loggingKey": "ddb29465-ff45-43c3-88a5-ea8fbddf7c2b"
    },
    "additionalInfo": {
        "selectedResource": "final_dynamic_pipeline_azure",
        "selectedResourceType": "pipeline"
    }
}