{
    "name": "Final_DelimitedText1",
    "properties": {
        "linkedServiceName": {
            "referenceName": "AzureDataLakeStorage_LS7",
            "type": "LinkedServiceReference"
        },
        "parameters": {
            "filepath": {
                "type": "string",
                "defaultValue": "raw7"
            },
            "filename": {
                "type": "string"
            },
            "deliemeter": {
                "type": "string",
                "defaultValue": "\t"
            }
        },
        "annotations": [],
        "type": "DelimitedText",
        "typeProperties": {
            "location": {
                "type": "AzureBlobFSLocation",
                "fileName": {
                    "value": "@dataset().filename",
                    "type": "Expression"
                },
                "fileSystem": {
                    "value": "@dataset().filepath",
                    "type": "Expression"
                }
            },
            "columnDelimiter": {
                "value": "@dataset().deliemeter",
                "type": "Expression"
            },
            "escapeChar": "\\",
            "firstRowAsHeader": true,
            "quoteChar": "\""
        },
        "schema": [
            {
                "name": "ProductID",
                "type": "String"
            },
            {
                "name": "ProductName",
                "type": "String"
            },
            {
                "name": "StartDate_Revised",
                "type": "String"
            },
            {
                "name": "StandardCost",
                "type": "String"
            }
        ]
    },
    "type": "Microsoft.DataFactory/factories/datasets"
}