{
    "name": "Final_AzureSqlTable2",
    "properties": {
        "linkedServiceName": {
            "referenceName": "Final_AzureSqlDatabase2",
            "type": "LinkedServiceReference"
        },
        "parameters": {
            "schema_az": {
                "type": "string",
                "defaultValue": "stage"
            },
            "table_az": {
                "type": "string",
                "defaultValue": "final_file_metadata"
            }
        },
        "annotations": [],
        "type": "AzureSqlTable",
        "schema": [],
        "typeProperties": {
            "schema": {
                "value": "@dataset().schema_az",
                "type": "Expression"
            },
            "table": {
                "value": "@dataset().table_az",
                "type": "Expression"
            }
        }
    },
    "type": "Microsoft.DataFactory/factories/datasets"
}